Nombre,Recursos,Inactivo
dani0712,6295,No
-_-KingFarmer-_-,2783,No
Chrono,2625,No
DoKToR,2359,No
taktuk,2291,No
WARDIE,2207,No
darkpig,1907,No
hook,1753,No
Rigel,1741,No
süngerbob,1665,No
ssasOsass,1651,No
KingFede,1578,No
Hello_Poney,1551,No
FREEMAN,1409,No
Gentleman,1337,No
Saonji,1328,No
White_tiger,1239,No
dddd,1011,No
Dede,1004,No
Spion,966,No
Maurice,959,No
agmb,851,No
basarkurt,847,No
Mystik,838,No
Toros34,811,No
Przemaks,790,No
drDex,789,No
HACI,777,No
Geronimo,764,No
Master_Tigress,763,No
Mappy,760,No
DarkVoid,759,No
Got,746,No
darcksteve,740,No
PuroNectar,705,No
Traize,703,No
ALLIGATOR,700,No
Overide,645,No
WorteX,637,No
fwested,636,No
xmen,614,No
oce22,589,No
Wishmaster,579,No
TürkCHE,578,No
TiJay,578,No
Tedi,574,No
NeroX,571,No
Wikipedia,559,No
ramazan,553,No
Texs,551,No
Mango,547,No
Areos,542,No
CiHATSARSILMAZ,534,No
doberman,524,No
Nuctemeron,509,No
trestean,506,No
Tom123,502,No
WaldivonAldi,493,No
white,489,No
Tineillo,486,No
marcin,484,No
Deadlyn,467,No
escalofrio,442,No
montreal,432,No
Wargalla,405,No
Mozi,401,No
BARACUDA,395,No
Redzik91,393,No
Panglari,392,No
Palkia,392,No
ZIRUS,383,No
kapodeyatay,383,No
DIBU,382,No
lucky,381,No
Wuja,374,No
Sairus,353,No
REDKIT,351,No
Kuba,350,No
Ryu,350,No
nasaorion,347,No
ManDudeMikey,342,No
yavuz16,340,No
KreciK,340,No
Mimar,336,No
EpicDE3,335,No
KoniecRozumu,335,No
Kelfi,330,No
Krysak_FR,325,No
Finduk,324,No
samaelchrist,324,No
GGungerit,324,No
xaxcho,320,No
Kirath,319,No
OxyGeN,315,No
Epic,308,No
Gncx,308,No
cacho,307,No
Destroyer_Fr,306,No
jaky,302,Sí
Rigantis,299,No
Fretka,295,No
Riyno,291,No
jonas,291,No
Sarakaz,288,No
SonnyBecks,285,No
urungu51,282,No
kayrahan,278,No
06hayri06,274,No
Sinuhe,269,No
DavidShuffler,268,No
Gino,264,No
Styx,262,No
keciol,259,No
RagnarLokbrok,259,No
SAYGI,256,No
Ethos,253,No
aarchaniol,252,No
kratos,252,No
Blvckbear,246,No
Exi,246,No
jekus,245,No
Umbrella_corporation,244,No
Max23,243,No
Raeckon,242,No
danielo19888,242,No
SorQuer,240,No
Axion,234,No
whary_oO,231,No
Darid,231,No
Bluenatix,229,No
argarn,220,No
inari,217,No
Kemmy,217,No
Tierdeath,216,No
dlb,212,No
Damocles,208,No
SHOGUN,205,No
aticka,204,No
Adler,204,No
Schnappi,204,No
Rafiny9l,200,No
Eltibu,198,No
DoNPL,198,No
Athisrjh,198,No
JackSparow,193,No
mike88,193,No
ShowMaker,192,No
czarnywilk,189,No
Srudel,189,No
KlawHide,188,No
ICARUS,184,No
blckshp,184,No
PABLITOR66,184,No
duke,178,No
eeee,178,No
AstroNot,177,No
dule,177,No
jvii,177,No
Nefaan,176,No
aetheriusar2,176,No
liborio29,176,No
Arqui,175,No
tulen,174,No
FCakir,171,No
ZZALIMM,170,No
Malleus-Malefic,169,No
LEON,168,No
Scartet,167,No
R4Z0K,167,No
Lord_Indra,164,No
kofaj,163,No
ephedante,162,No
Arcann,162,No
DODO,161,No
marc,161,No
gebert,160,No
Chanta,160,No
adrianlewy,158,No
Tntslayer,157,No
hk-09,156,No
yopfr,154,No
eM-Jei,154,No
Shankara,153,No
piotrng,153,No
Drakonis,152,No
Lenee,150,No
Riddick,149,No
Inspireko,149,No
Juchaelidine,149,Sí
Anatar,148,No
DonniCisco,144,No
Sudiste,143,No
Arbiter,142,No
777_,142,No
kuzey,141,No
Eldwine,140,No
Snakekealler,139,No
uzman0101,137,No
Argento,137,No
Oliver,136,No
AMRA,135,No
Camgoz,134,No
ludoviuce,134,No
Chise,133,No
Sirkhoz,132,No
alex1226,131,Sí
WOLT,128,No
Mark,127,No
Bloodie,127,No
Ande,125,No
Jurek,125,No
LeBrightsword,124,No
war,123,No
army77,123,No
molll,123,No
Nope,121,No
BADWOLF,121,No
thor,121,No
Ixsy,119,No
wyyu,117,No
kralbab,113,No
AstroKing,113,No
teck,110,No
Tskynet,110,No
Korny,110,No
Curruncholo,109,No
DestroYerXJ7,108,No
Narimaci,108,No
Lapinoux,107,No
MpaMop,107,No
kappa,107,No
Vaindil,107,No
Zeta,106,No
abstargo1234,105,No
Javi,105,No
Omniscience,104,No
bteuz,104,No
Vicvatten,104,No
Sheva,103,No
Muhasebeci,102,No
Aegarax,101,No
MinoTavr,99,No
Bomber,98,No
PuNiSh3R54,95,No
PolakZPolski,95,No
kikimora,95,No
wojsio89,93,No
cranberis,92,No
ivan2,92,No
Fibriz0,90,No
UyKuSuZ,90,No
Firefly,90,No
NaQrwiaczek,88,No
JSMORALES,88,No
Evidence,86,No
Baki,86,No
SaintVladimir,86,No
SirNoir,85,No
Albatross,85,No
Atreid,84,No
Shtako,82,No
will,80,No
Chorinet,80,No
edluminer,79,No
LordWuaco,79,No
2911,79,No
truc01,77,No
Nero1280,77,No
Guillaume,77,No
Grzeniu,76,No
Shankz,76,No
Carimuchi,75,No
RoyFoker,75,No
crucho,73,No
lorehunter,73,No
Dexter,73,No
yogalec,72,No
Athme,71,No
yagammi0,70,No
IdracUyuni,70,No
eer234642,70,No
CaptainMiller,69,No
Arifjan,67,No
JOSEPHXDXD,65,No
YTTKINGTTY,65,No
Zero0,65,No
Gerion,64,No
raulcba,64,No
Vankisa,64,No
Jano,63,No
Tusune,63,No
Wendrowiec7,62,No
WolfieBlackWolf,62,No
Sonicgame128,61,No
Darkerpoussin,60,No
AURA,60,No
Bardolf,59,No
Millatron,58,No
Tupendeja,58,No
cenvint,57,No
EinBrot,57,No
Aleksa,57,No
Ouistiti,57,No
EVA,57,No
Iraudy,56,No
krzyzakos,55,No
krzysztof,54,No
canabi,53,No
Finio,52,No
jetSSF,52,No
Sync,52,No
Miezikiel,50,No
Spacewiz,49,No
oceanschumi_rigel,49,No
Alcatraz,48,No
Shwagi,47,No
erwiner,45,No
thematipl,45,No
Mijael,44,No
miha1027,43,No
tomaszewski89,43,No
Jarlaxle,43,No
LycanAvenger,40,No
jojo,40,No
ZuGs,39,No
craneo43muerto,39,No
Will,38,No
Curiosity,37,No
ninos,37,No
natananael12345y,36,No
fulca,36,No
aztek,35,Sí
COCOREY,34,No
Ocewin,34,No
Titi572008,33,No
Nobody,33,Sí
sunnybeach,33,No
Dhomochevsky,31,No
Lionel_jonson,30,Sí
Karyantos,29,No
Daniel,28,No
tdk_128,28,No
GostBlack,27,No
shadow,26,Sí
Digimen,26,No
Vis4moun,25,No
vincentaquino420,25,No
Sas,24,No
Pucke,22,No
potepiony,22,No
saha35,22,No
YunaCZ,21,No
cronosolaris,21,No
PrideDane,19,No
Pandalon,19,Sí
Olexii,18,Sí
Ashons,18,Sí
Loky,17,Sí
SilenT,17,Sí
Defiant,15,No
Gallegod,15,No
kevin,15,Sí
Lluis,13,Sí
Nynabatu,13,No
Katushh,13,Sí
goldenbaboon,12,Sí
obi,12,Sí
Sanders,12,Sí
jamiryo,12,Sí
OHanness,11,Sí
morty,11,Sí
StrikeR,11,Sí
vavara,10,No
zdta,10,Sí
BialyRastuH,8,Sí
D3ST3RR4DO,8,Sí
Rodrhym,8,Sí
peterpan,8,Sí
Ptasior86,8,Sí
Erixxey,7,Sí
Arty_CZ,7,Sí
varakaii,6,Sí
Nick,6,Sí
Ryiel,4,Sí
KuKuDi,4,No
Frog,4,Sí
continental,4,Sí
Patrikh,3,No
Koopa,3,Sí
Jareczek22,3,Sí
Onur,3,Sí
Rafal1981,2,No
vvs,2,Sí
Maestro,2,Sí
JazdaRoman,2,No
Junglist,1,Sí
Furiyin,0,No
Scoutsniper,0,Sí
BrotherBear,4,Sí
